"DeployID","Ptt","Instr","Date","Type","Quality","Latitude","Longitude","Error.radius","Error.Semi.major.axis","Error.Semi.minor.axis","Error.Ellipse.orientation","Offset","Offset.orientation","GPE.MSD","GPE.U","Count","Comment","originaldate"
"ZcTag063",171934,"Mk10",1503264067,"Argos","A",35.3645,-74.9228,NA,NA,NA,NA,NA,NA,NA,NA,NA,"","21:21:07 20-Aug-2017"
"ZcTag063",171934,"Mk10",1503269713,"Argos","0",35.5074,-74.6663,1900,11077,326,121,NA,NA,NA,NA,NA,"","22:55:13 20-Aug-2017"
"ZcTag063",171934,"Mk10",1503271140,"Argos","0",35.4101,-74.5253,2369,11657,481,107,NA,NA,NA,NA,NA,"","23:19:00 20-Aug-2017"
"ZcTag063",171934,"Mk10",1503277807,"Argos","0",35.128,-75.5374,18884,766543,465,51,NA,NA,NA,NA,NA,"Lon > 4 deviations from mean","01:10:07 21-Aug-2017"
"ZcTag063",171934,"Mk10",1503308723,"Argos","B",35.2666,-74.374,1929,38652,96,140,NA,NA,NA,NA,NA,"","09:45:23 21-Aug-2017"
"ZcTag063",171934,"Mk10",1503317203,"Argos","0",35.4955,-74.5555,2956,28438,307,100,NA,NA,NA,NA,NA,"","12:06:43 21-Aug-2017"
"ZcTag063",171934,"Mk10",1503325107,"Argos","A",35.5211,-74.6673,35821,832443,1541,113,NA,NA,NA,NA,NA,"","14:18:27 21-Aug-2017"
"ZcTag063",171934,"Mk10",1503349976,"Argos","A",35.4981,-74.8571,65110,976804,4340,27,NA,NA,NA,NA,NA,"","21:12:56 21-Aug-2017"
"ZcTag063",171934,"Mk10",1503355833,"Argos","B",35.2158,-74.5788,1015,19143,53,126,NA,NA,NA,NA,NA,"","22:50:33 21-Aug-2017"
"ZcTag063",171934,"Mk10",1503357786,"Argos","0",35.3739,-74.5973,4653,56133,385,79,NA,NA,NA,NA,NA,"","23:23:06 21-Aug-2017"
"ZcTag063",171934,"Mk10",1503365894,"Argos","0",35.4202,-74.7297,4221,15909,1119,14,NA,NA,NA,NA,NA,"","01:38:14 22-Aug-2017"
"ZcTag063",171934,"Mk10",1503407158,"Argos","0",35.4113,-74.5463,11520,103318,1284,41,NA,NA,NA,NA,NA,"","13:05:58 22-Aug-2017"
"ZcTag063",171934,"Mk10",1503408096,"Argos","B",35.4163,-74.6464,3097,56517,169,123,NA,NA,NA,NA,NA,"","13:21:36 22-Aug-2017"
"ZcTag063",171934,"Mk10",1503410231,"Argos","A",35.4689,-74.7081,52387,NA,NA,NA,NA,NA,NA,NA,NA,"","13:57:11 22-Aug-2017"
"ZcTag063",171934,"Mk10",1503416486,"Argos","0",35.3309,-74.5821,8118,107880,610,106,NA,NA,NA,NA,NA,"","15:41:26 22-Aug-2017"
"ZcTag063",171934,"Mk10",1503435305,"Argos","Z",35.6212,-73.6866,301731,NA,NA,NA,NA,NA,NA,NA,NA,"","20:55:05 22-Aug-2017"
"ZcTag063",171934,"Mk10",1503441073,"Argos","A",35.5068,-74.3795,463,6468,33,73,NA,NA,NA,NA,NA,"","22:31:13 22-Aug-2017"
"ZcTag063",171934,"Mk10",1503442888,"Argos","1",35.5046,-74.6124,1231,24056,63,73,NA,NA,NA,NA,NA,"","23:01:28 22-Aug-2017"
"ZcTag063",171934,"Mk10",1503450883,"Argos","B",35.4156,-75.0852,18291,867160,385,107,NA,NA,NA,NA,NA,"","01:14:43 23-Aug-2017"
"ZcTag063",171934,"Mk10",1503474544,"Argos","B",35.298,-73.767,5058,48005,532,134,NA,NA,NA,NA,NA,"","07:49:04 23-Aug-2017"
"ZcTag063",171934,"Mk10",1503486530,"Argos","B",35.7183,-74.3226,2951,38694,225,61,NA,NA,NA,NA,NA,"","11:08:50 23-Aug-2017"
"ZcTag063",171934,"Mk10",1503487114,"Argos","0",35.7378,-74.4205,2543,3767,1716,20,NA,NA,NA,NA,NA,"","11:18:34 23-Aug-2017"
"ZcTag063",171934,"Mk10",1503493197,"Argos","1",42.8118,-110.8918,741,3617,151,71,NA,NA,NA,NA,NA,"Lat > 4 deviations from mean","12:59:57 23-Aug-2017"
"ZcTag063",171934,"Mk10",1503521522,"Argos","0",35.7527,-74.2856,3052,61851,150,86,NA,NA,NA,NA,NA,"","20:52:02 23-Aug-2017"
"ZcTag063",171934,"Mk10",1503539149,"Argos","B",35.6061,-75.3389,477,7038,32,82,NA,NA,NA,NA,NA,"","01:45:49 24-Aug-2017"
"ZcTag063",171934,"Mk10",1503560143,"Argos","B",35.4699,-75.0023,745,8904,62,115,NA,NA,NA,NA,NA,"","07:35:43 24-Aug-2017"
"ZcTag063",171934,"Mk10",1503566227,"Argos","A",35.5326,-74.167,35836,NA,NA,NA,NA,NA,NA,NA,NA,"","09:17:07 24-Aug-2017"
"ZcTag063",171934,"Mk10",1503577682,"Argos","B",36.0601,-76.2358,1676,28556,98,123,NA,NA,NA,NA,NA,"","12:28:02 24-Aug-2017"
"ZcTag063",171934,"Mk10",1503577830,"Argos","0",35.6288,-74.6801,2262,13491,379,104,NA,NA,NA,NA,NA,"","12:30:30 24-Aug-2017"
"ZcTag063",171934,"Mk10",1503606879,"Argos","0",35.5975,-74.4629,3061,36582,256,79,NA,NA,NA,NA,NA,"","20:34:39 24-Aug-2017"
"ZcTag063",171934,"Mk10",1503612254,"Argos","B",35.722,-74.6393,20321,NA,NA,NA,NA,NA,NA,NA,NA,"","22:04:14 24-Aug-2017"
"ZcTag063",171934,"Mk10",1503629969,"Argos","B",35.4904,-74.8591,5973,152670,233,51,NA,NA,NA,NA,NA,"","02:59:29 25-Aug-2017"
"ZcTag063",171934,"Mk10",1503645816,"Argos","0",35.602,-74.7453,12024,163302,885,66,NA,NA,NA,NA,NA,"","07:23:36 25-Aug-2017"
"ZcTag063",171934,"Mk10",1503656691,"Argos","B",35.6667,-74.4018,10585,492492,227,60,NA,NA,NA,NA,NA,"","10:24:51 25-Aug-2017"
"ZcTag063",171934,"Mk10",1503668839,"Argos","0",35.6058,-75.5848,127563,NA,NA,NA,NA,NA,NA,NA,NA,"","13:47:19 25-Aug-2017"
"ZcTag063",171934,"Mk10",1503674405,"Argos","B",36.1366,-75.722,8901,316174,250,136,NA,NA,NA,NA,NA,"","15:20:05 25-Aug-2017"
"ZcTag063",171934,"Mk10",1503686595,"Argos","A",35.3665,-74.8356,5027,68155,370,43,NA,NA,NA,NA,NA,"","18:43:15 25-Aug-2017"
"ZcTag063",171934,"Mk10",1503692966,"Argos","0",35.4476,-74.0959,5777,188013,177,98,NA,NA,NA,NA,NA,"","20:29:26 25-Aug-2017"
"ZcTag063",171934,"Mk10",1503703955,"Argos","B",35.4249,-74.2908,16937,NA,NA,NA,NA,NA,NA,NA,NA,"","23:32:35 25-Aug-2017"
"ZcTag063",171934,"Mk10",1503709381,"Argos","0",41.206,-46.1016,1756,8236,374,38,NA,NA,NA,NA,NA,"Lat > 4 deviations from mean","01:03:01 26-Aug-2017"
"ZcTag063",171934,"Mk10",1503740196,"Argos","1",40.6782,-47.6197,708,5781,86,135,NA,NA,NA,NA,NA,"Lat > 4 deviations from mean","09:36:36 26-Aug-2017"
"ZcTag063",171934,"Mk10",1503741843,"Argos","A",35.5031,-74.6753,6848,143792,326,96,NA,NA,NA,NA,NA,"","10:04:03 26-Aug-2017"
"ZcTag063",171934,"Mk10",1503748924,"Argos","1",35.4633,-74.5433,742,1589,346,9,NA,NA,NA,NA,NA,"","12:02:04 26-Aug-2017"
"ZcTag063",171934,"Mk10",1503778510,"Argos","B",35.4442,-74.7297,7576,143738,399,86,NA,NA,NA,NA,NA,"","20:15:10 26-Aug-2017"
"ZcTag063",171934,"Mk10",1503788401,"Argos","0",35.366,-74.7732,2491,11007,563,73,NA,NA,NA,NA,NA,"","23:00:01 26-Aug-2017"
"ZcTag063",171934,"Mk10",1503789912,"Argos","0",35.374,-74.7645,7573,35527,1614,170,NA,NA,NA,NA,NA,"","23:25:12 26-Aug-2017"
"ZcTag063",171934,"Mk10",1503790366,"Argos","0",35.3721,-74.7642,9466,41528,2157,140,NA,NA,NA,NA,NA,"","23:32:46 26-Aug-2017"
"ZcTag063",171934,"Mk10",1503797447,"Argos","B",35.4347,-74.7405,12984,154030,1094,115,NA,NA,NA,NA,NA,"","01:30:47 27-Aug-2017"
"ZcTag063",171934,"Mk10",1503800439,"Argos","1",35.4621,-74.7005,550,1664,181,60,NA,NA,NA,NA,NA,"","02:20:39 27-Aug-2017"
"ZcTag063",171934,"Mk10",1503823225,"Argos","1",35.451,-74.5525,856,4223,173,101,NA,NA,NA,NA,NA,"","08:40:25 27-Aug-2017"
"ZcTag063",171934,"Mk10",1503834479,"Argos","0",35.6304,-74.7375,4763,67389,336,98,NA,NA,NA,NA,NA,"","11:47:59 27-Aug-2017"
"ZcTag063",171934,"Mk10",1503838768,"Argos","B",35.4961,-74.883,6217,302871,127,96,NA,NA,NA,NA,NA,"","12:59:28 27-Aug-2017"
"ZcTag063",171934,"Mk10",1503840707,"Argos","0",35.5595,-74.7882,3596,5209,2482,146,NA,NA,NA,NA,NA,"","13:31:47 27-Aug-2017"
"ZcTag063",171934,"Mk10",1503879551,"Argos","A",35.2879,-74.6186,174402,966657,31465,29,NA,NA,NA,NA,NA,"","00:19:11 28-Aug-2017"
"ZcTag063",171934,"Mk10",1503882969,"Argos","B",35.4401,-74.5811,97445,NA,NA,NA,NA,NA,NA,NA,NA,"","01:16:09 28-Aug-2017"
"ZcTag063",171934,"Mk10",1503888827,"Argos","B",35.38,-74.5496,100033,NA,NA,NA,NA,NA,NA,NA,NA,"","02:53:47 28-Aug-2017"
"ZcTag063",171934,"Mk10",1503909010,"Argos","0",35.5965,-74.6414,2197,16365,294,93,NA,NA,NA,NA,NA,"","08:30:10 28-Aug-2017"
"ZcTag063",171934,"Mk10",1503917908,"Argos","0",36.2623,-76.4554,19679,515706,750,116,NA,NA,NA,NA,NA,"","10:58:28 28-Aug-2017"
"ZcTag063",171934,"Mk10",1503935994,"Argos","B",35.4878,-75.0154,1433,21202,96,117,NA,NA,NA,NA,NA,"","15:59:54 28-Aug-2017"
"ZcTag063",171934,"Mk10",1503961234,"Argos","0",35.3664,-74.6243,4979,70368,352,61,NA,NA,NA,NA,NA,"","23:00:34 28-Aug-2017"
"ZcTag063",171934,"Mk10",1503965288,"Argos","0",35.4655,-74.7703,4289,33689,546,79,NA,NA,NA,NA,NA,"","00:08:08 29-Aug-2017"
"ZcTag063",171934,"Mk10",1503976565,"Argos","B",35.5466,-74.3357,13468,400669,452,51,NA,NA,NA,NA,NA,"","03:16:05 29-Aug-2017"
"ZcTag063",171934,"Mk10",1503994552,"Argos","1",32.199,-58.2308,1058,1707,655,71,NA,NA,NA,NA,NA,"Lat > 4 deviations from mean","08:15:52 29-Aug-2017"
"ZcTag063",171934,"Mk10",1504012326,"Argos","B",35.5271,-75.2247,39072,895984,1703,65,NA,NA,NA,NA,NA,"","13:12:06 29-Aug-2017"
"ZcTag063",171934,"Mk10",1504035555,"Argos","1",35.508,-74.7221,1326,3188,551,56,NA,NA,NA,NA,NA,"","19:39:15 29-Aug-2017"
"ZcTag063",171934,"Mk10",1504049316,"Argos","B",35.4338,-74.7278,38706,NA,NA,NA,NA,NA,NA,NA,NA,"","23:28:36 29-Aug-2017"
"ZcTag063",171934,"Mk10",1504049750,"Argos","0",35.4012,-74.7803,1558,14224,170,104,NA,NA,NA,NA,NA,"","23:35:50 29-Aug-2017"
"ZcTag063",171934,"Mk10",1504053004,"Argos","0",35.317,-74.8304,2440,4574,1301,145,NA,NA,NA,NA,NA,"","00:30:04 30-Aug-2017"
"ZcTag063",171934,"Mk10",1504056082,"Argos","1",35.3647,-74.7573,589,2524,137,87,NA,NA,NA,NA,NA,"","01:21:22 30-Aug-2017"
"ZcTag063",171934,"Mk10",1504091743,"Argos","B",35.4262,-74.6532,837,5179,135,96,NA,NA,NA,NA,NA,"","11:15:43 30-Aug-2017"
"ZcTag063",171934,"Mk10",1504120967,"Argos","B",35.6865,-74.8985,18989,571334,631,126,NA,NA,NA,NA,NA,"","19:22:47 30-Aug-2017"
"ZcTag063",171934,"Mk10",1504138787,"Argos","A",35.3268,-74.8544,5177,36230,739,17,NA,NA,NA,NA,NA,"","00:19:47 31-Aug-2017"
"ZcTag063",171934,"Mk10",1504141333,"Argos","A",35.316,-74.8516,13405,267514,671,63,NA,NA,NA,NA,NA,"","01:02:13 31-Aug-2017"
"ZcTag063",171934,"Mk10",1504144290,"Argos","1",35.3649,-74.7481,660,4779,91,68,NA,NA,NA,NA,NA,"","01:51:30 31-Aug-2017"
"ZcTag063",171934,"Mk10",1504168847,"Argos","B",35.7344,-74.2559,1561,18415,132,80,NA,NA,NA,NA,NA,"","08:40:47 31-Aug-2017"
"ZcTag063",171934,"Mk10",1504178041,"Argos","B",35.9514,-73.5717,7510,156824,359,56,NA,NA,NA,NA,NA,"","11:14:01 31-Aug-2017"
"ZcTag063",171934,"Mk10",1504180953,"Argos","A",35.5795,-74.775,12079,175815,829,46,NA,NA,NA,NA,NA,"","12:02:33 31-Aug-2017"
"ZcTag063",171934,"Mk10",1504218960,"Argos","2",30.5925,-52.0311,486,1526,154,44,NA,NA,NA,NA,NA,"Lat > 4 deviations from mean","22:36:00 31-Aug-2017"
"ZcTag063",171934,"Mk10",1504218960,"Argos","1",35.256,-74.8598,667,2193,202,98,NA,NA,NA,NA,NA,"","22:36:00 31-Aug-2017"
"ZcTag063",171934,"Mk10",1504226335,"Argos","0",35.2922,-74.7127,2094,12060,363,123,NA,NA,NA,NA,NA,"","00:38:55 01-Sep-2017"
"ZcTag063",171934,"Mk10",1504229540,"Argos","1",35.2664,-74.8707,725,4434,118,108,NA,NA,NA,NA,NA,"","01:32:20 01-Sep-2017"
"ZcTag063",171934,"Mk10",1504268954,"Argos","0",35.1599,-74.5754,33744,772075,1474,127,NA,NA,NA,NA,NA,"","12:29:14 01-Sep-2017"
"ZcTag063",171934,"Mk10",1504270718,"Argos","B",35.1469,-74.6815,10128,291884,351,97,NA,NA,NA,NA,NA,"","12:58:38 01-Sep-2017"
"ZcTag063",171934,"Mk10",1504276563,"Argos","0",35.327,-74.9515,3348,64080,174,98,NA,NA,NA,NA,NA,"","14:36:03 01-Sep-2017"
"ZcTag063",171934,"Mk10",1504282610,"Argos","A",35.6157,-74.7883,17800,205234,1543,57,NA,NA,NA,NA,NA,"","16:16:50 01-Sep-2017"
"ZcTag063",171934,"Mk10",1504309313,"Argos","B",35.1876,-74.8024,11334,435482,295,136,NA,NA,NA,NA,NA,"","23:41:53 01-Sep-2017"
"ZcTag063",171934,"Mk10",1504310069,"Argos","B",35.2189,-74.8259,3527,103221,120,68,NA,NA,NA,NA,NA,"","23:54:29 01-Sep-2017"
"ZcTag063",171934,"Mk10",1504310069,"Argos","B",35.2429,-74.8844,7128,185472,273,124,NA,NA,NA,NA,NA,"","23:54:29 01-Sep-2017"
"ZcTag063",171934,"Mk10",1504343948,"Argos","B",35.2229,-74.8627,2285,38299,136,75,NA,NA,NA,NA,NA,"","09:19:08 02-Sep-2017"
"ZcTag063",171934,"Mk10",1504348071,"Argos","B",35.2486,-74.848,4748,167102,134,86,NA,NA,NA,NA,NA,"","10:27:51 02-Sep-2017"
"ZcTag063",171934,"Mk10",1504354910,"Argos","B",35.1978,-74.8744,2092,64238,68,103,NA,NA,NA,NA,NA,"","12:21:50 02-Sep-2017"
"ZcTag063",171934,"Mk10",1504361803,"Argos","1",35.2696,-74.8234,589,1767,196,135,NA,NA,NA,NA,NA,"","14:16:43 02-Sep-2017"
"ZcTag063",171934,"Mk10",1504394866,"Argos","B",35.3749,-75.0343,4372,120687,158,109,NA,NA,NA,NA,NA,"","23:27:46 02-Sep-2017"
"ZcTag063",171934,"Mk10",1504402570,"Argos","0",35.2996,-74.6632,3282,5557,1938,81,NA,NA,NA,NA,NA,"","01:36:10 03-Sep-2017"
"ZcTag063",171934,"Mk10",1504440834,"Argos","0",32.4388,-62.2708,23401,NA,NA,NA,NA,NA,NA,NA,NA,"","12:13:54 03-Sep-2017"
"ZcTag063",171934,"Mk10",1504493755,"Argos","0",35.4081,-74.79,2798,6470,1209,1,NA,NA,NA,NA,NA,"","02:55:55 04-Sep-2017"
"ZcTag063",171934,"Mk10",1504518951,"Argos","1",35.5476,-74.6705,1205,9898,146,50,NA,NA,NA,NA,NA,"","09:55:51 04-Sep-2017"
"ZcTag063",171934,"Mk10",1504524854,"Argos","0",35.4029,-74.6334,4089,46527,359,101,NA,NA,NA,NA,NA,"","11:34:14 04-Sep-2017"
"ZcTag063",171934,"Mk10",1504526241,"Argos","1",31.6148,-56.2812,662,1679,260,61,NA,NA,NA,NA,NA,"Lat > 4 deviations from mean","11:57:21 04-Sep-2017"
"ZcTag063",171934,"Mk10",1504538247,"Argos","0",35.484,-74.7173,2528,62158,102,108,NA,NA,NA,NA,NA,"","15:17:27 04-Sep-2017"
"ZcTag063",171934,"Mk10",1504562923,"Argos","A",35.6596,-74.7814,14029,222725,883,102,NA,NA,NA,NA,NA,"","22:08:43 04-Sep-2017"
"ZcTag063",171934,"Mk10",1504567092,"Argos","Z",35.4985,-75.2012,NA,NA,NA,NA,NA,NA,NA,NA,NA,"","23:18:12 04-Sep-2017"
"ZcTag063",171934,"Mk10",1504568926,"Argos","A",35.5431,-74.4695,649137,NA,NA,NA,NA,NA,NA,NA,NA,"","23:48:46 04-Sep-2017"
"ZcTag063",171934,"Mk10",1504600319,"Argos","B",35.6207,-75.2797,719591,NA,NA,NA,NA,NA,NA,NA,NA,"","08:31:59 05-Sep-2017"
"ZcTag063",171934,"Mk10",1504606459,"Argos","B",35.8015,-74.9364,106522,NA,NA,NA,NA,NA,NA,NA,NA,"","10:14:19 05-Sep-2017"
"ZcTag063",171934,"Mk10",1504609337,"Argos","B",35.3929,-75.1464,67574,869390,5252,48,NA,NA,NA,NA,NA,"","11:02:17 05-Sep-2017"
"ZcTag063",171934,"Mk10",1504617997,"Argos","B",35.6481,-74.7566,81840,NA,NA,NA,NA,NA,NA,NA,NA,"","13:26:37 05-Sep-2017"
"ZcTag063",171934,"Mk10",1504659232,"Argos","0",35.8003,-74.6207,10197,215938,481,85,NA,NA,NA,NA,NA,"","00:53:52 06-Sep-2017"
"ZcTag063",171934,"Mk10",1504659553,"Argos","B",35.7468,-74.752,711,4898,103,109,NA,NA,NA,NA,NA,"","00:59:13 06-Sep-2017"
"ZcTag063",171934,"Mk10",1504663878,"Argos","Z",35.7765,-74.3161,30938,NA,NA,NA,NA,NA,NA,NA,NA,"","02:11:18 06-Sep-2017"
"ZcTag063",171934,"Mk10",1504686184,"Argos","B",35.7975,-74.8936,83857,NA,NA,NA,NA,NA,NA,NA,NA,"","08:23:04 06-Sep-2017"
"ZcTag063",171934,"Mk10",1504692101,"Argos","B",35.8925,-74.7157,75284,634069,8938,144,NA,NA,NA,NA,NA,"","10:01:41 06-Sep-2017"
"ZcTag063",171934,"Mk10",1504727375,"Argos","0",36.7966,-69.7137,2666,42084,168,72,NA,NA,NA,NA,NA,"Lat > 4 deviations from mean","19:49:35 06-Sep-2017"
"ZcTag063",171934,"Mk10",1504734215,"Argos","0",35.7479,-74.2759,6407,133443,307,62,NA,NA,NA,NA,NA,"","21:43:35 06-Sep-2017"
"ZcTag063",171934,"Mk10",1504749281,"Argos","0",35.7102,-74.7221,4164,27686,626,91,NA,NA,NA,NA,NA,"","01:54:41 07-Sep-2017"
"ZcTag063",171934,"Mk10",1504778068,"Argos","2",35.6397,-74.6047,358,410,312,37,NA,NA,NA,NA,NA,"","09:54:28 07-Sep-2017"
"ZcTag063",171934,"Mk10",1504778301,"Argos","B",35.6249,-74.6118,1693,19001,150,120,NA,NA,NA,NA,NA,"","09:58:21 07-Sep-2017"
"ZcTag063",171934,"Mk10",1504793422,"Argos","0",35.7118,-74.8309,14703,342362,631,84,NA,NA,NA,NA,NA,"","14:10:22 07-Sep-2017"
"ZcTag063",171934,"Mk10",1504797078,"Argos","B",35.5758,-73.1141,1804,30541,106,71,NA,NA,NA,NA,NA,"","15:11:18 07-Sep-2017"
"ZcTag063",171934,"Mk10",1504828675,"Argos","0",35.6376,-74.7072,2331,7729,702,148,NA,NA,NA,NA,NA,"","23:57:55 07-Sep-2017"
"ZcTag063",171934,"Mk10",1504834345,"Argos","1",35.5908,-74.5967,1448,3614,579,36,NA,NA,NA,NA,NA,"","01:32:25 08-Sep-2017"
"ZcTag063",171934,"Mk10",1504857437,"Argos","0",35.877,-74.8771,37218,NA,NA,NA,NA,NA,NA,NA,NA,"","07:57:17 08-Sep-2017"
"ZcTag063",171934,"Mk10",1504863703,"Argos","0",35.7819,-74.489,1573,8850,279,67,NA,NA,NA,NA,NA,"","09:41:43 08-Sep-2017"
"ZcTag063",171934,"Mk10",1504869260,"Argos","A",35.8565,-74.8313,247987,NA,NA,NA,NA,NA,NA,NA,NA,"","11:14:20 08-Sep-2017"
"ZcTag063",171934,"Mk10",1504869306,"Argos","B",36.1119,-73.1042,19296,303117,1228,69,NA,NA,NA,NA,NA,"","11:15:06 08-Sep-2017"
"ZcTag063",171934,"Mk10",1504878600,"Argos","B",35.8346,-73.9079,6500,55023,767,69,NA,NA,NA,NA,NA,"","13:50:00 08-Sep-2017"
"ZcTag063",171934,"Mk10",1504910036,"Argos","0",35.6007,-74.4594,8391,47124,1494,20,NA,NA,NA,NA,NA,"","22:33:56 08-Sep-2017"
"ZcTag063",171934,"Mk10",1504910036,"Argos","0",35.593,-74.7227,5362,68323,420,73,NA,NA,NA,NA,NA,"","22:33:56 08-Sep-2017"
"ZcTag063",171934,"Mk10",1504913271,"Argos","A",35.6796,-74.7239,7670,174925,336,100,NA,NA,NA,NA,NA,"","23:27:51 08-Sep-2017"
"ZcTag063",171934,"Mk10",1504916237,"Argos","1",35.6789,-74.6226,608,2808,131,72,NA,NA,NA,NA,NA,"","00:17:17 09-Sep-2017"
"ZcTag063",171934,"Mk10",1504954463,"Argos","1",35.8042,-74.4461,1387,4337,443,56,NA,NA,NA,NA,NA,"","10:54:23 09-Sep-2017"
"ZcTag063",171934,"Mk10",1504990637,"Argos","A",36.0638,-74.2059,219331,NA,NA,NA,NA,NA,NA,NA,NA,"","20:57:17 09-Sep-2017"
"ZcTag063",171934,"Mk10",1505000864,"Argos","B",35.7698,-74.9321,2433,22612,261,57,NA,NA,NA,NA,NA,"","23:47:44 09-Sep-2017"
"ZcTag063",171934,"Mk10",1505004616,"Argos","A",35.7984,-74.6682,210,774,57,59,NA,NA,NA,NA,NA,"","00:50:16 10-Sep-2017"
"ZcTag063",171934,"Mk10",1505007958,"Argos","0",35.7506,-74.6306,3538,28021,446,100,NA,NA,NA,NA,NA,"","01:45:58 10-Sep-2017"
"ZcTag063",171934,"Mk10",1505010705,"Argos","0",35.7074,-74.7147,3252,6162,1715,9,NA,NA,NA,NA,NA,"","02:31:45 10-Sep-2017"
"ZcTag063",171934,"Mk10",1505037947,"Argos","B",35.71,-74.7184,59464,NA,NA,NA,NA,NA,NA,NA,NA,"","10:05:47 10-Sep-2017"
"ZcTag063",171934,"Mk10",1505082051,"Argos","A",35.8995,-74.1976,289039,NA,NA,NA,NA,NA,NA,NA,NA,"","22:20:51 10-Sep-2017"
"ZcTag063",171934,"Mk10",1505088357,"Argos","0",35.7138,-74.5123,9110,180680,459,106,NA,NA,NA,NA,NA,"","00:05:57 11-Sep-2017"
"ZcTag063",171934,"Mk10",1505095668,"Argos","Z",35.6937,-74.5404,41537,NA,NA,NA,NA,NA,NA,NA,NA,"","02:07:48 11-Sep-2017"
"ZcTag063",171934,"Mk10",1505120987,"Argos","B",35.8657,-74.8595,13459,204817,884,94,NA,NA,NA,NA,NA,"","09:09:47 11-Sep-2017"
"ZcTag063",171934,"Mk10",1505161610,"Argos","B",34.706,-75.6912,72792,NA,NA,NA,NA,NA,NA,NA,NA,"Lat > 4 deviations from mean","20:26:50 11-Sep-2017"
"ZcTag063",171934,"Mk10",1505180901,"Argos","Z",35.8003,-74.4594,161885,NA,NA,NA,NA,NA,NA,NA,NA,"","01:48:21 12-Sep-2017"
"ZcTag063",171934,"Mk10",1505187123,"Argos","B",35.7419,-74.7544,27125,509944,1442,101,NA,NA,NA,NA,NA,"","03:32:03 12-Sep-2017"
"ZcTag063",171934,"Mk10",1505217815,"Argos","B",35.7475,-74.4546,27759,722586,1066,77,NA,NA,NA,NA,NA,"","12:03:35 12-Sep-2017"
"ZcTag063",171934,"Mk10",1505228682,"Argos","B",35.7283,-74.7281,8452,116794,611,101,NA,NA,NA,NA,NA,"","15:04:42 12-Sep-2017"
"ZcTag063",171934,"Mk10",1505269643,"Argos","0",35.82,-73.989,12476,504870,308,102,NA,NA,NA,NA,NA,"","02:27:23 13-Sep-2017"
"ZcTag063",171934,"Mk10",1505291840,"Argos","B",35.9873,-74.5563,852,12063,60,66,NA,NA,NA,NA,NA,"","08:37:20 13-Sep-2017"
"ZcTag063",171934,"Mk10",1505297897,"Argos","0",35.8656,-74.657,10041,246386,409,69,NA,NA,NA,NA,NA,"","10:18:17 13-Sep-2017"
"ZcTag063",171934,"Mk10",1505303454,"Argos","0",35.9087,-74.4214,23612,914884,609,90,NA,NA,NA,NA,NA,"","11:50:54 13-Sep-2017"
"ZcTag063",171934,"Mk10",1505309585,"Argos","B",35.844,-74.8454,933,11134,78,121,NA,NA,NA,NA,NA,"","13:33:05 13-Sep-2017"
"ZcTag063",171934,"Mk10",1505310468,"Argos","0",35.8855,-74.6533,10693,133158,858,121,NA,NA,NA,NA,NA,"","13:47:48 13-Sep-2017"
"ZcTag063",171934,"Mk10",1505316341,"Argos","Z",35.7572,-74.3261,62203,NA,NA,NA,NA,NA,NA,NA,NA,"","15:25:41 13-Sep-2017"
"ZcTag063",171934,"Mk10",1505340711,"Argos","1",35.771,-74.5435,1064,8763,129,95,NA,NA,NA,NA,NA,"","22:11:51 13-Sep-2017"
"ZcTag063",171934,"Mk10",1505347892,"Argos","0",35.7124,-74.6426,2728,24867,299,124,NA,NA,NA,NA,NA,"","00:11:32 14-Sep-2017"
"ZcTag063",171934,"Mk10",1505382182,"Argos","1",35.8401,-74.3398,1383,8356,229,64,NA,NA,NA,NA,NA,"","09:43:02 14-Sep-2017"
"ZcTag063",171934,"Mk10",1505389154,"Argos","A",35.9389,-74.694,18013,662968,489,97,NA,NA,NA,NA,NA,"","11:39:14 14-Sep-2017"
"ZcTag063",171934,"Mk10",1505390948,"Argos","1",35.892,-74.3808,980,8278,115,124,NA,NA,NA,NA,NA,"","12:09:08 14-Sep-2017"
"ZcTag063",171934,"Mk10",1505432433,"Argos","1",35.9144,-74.6253,1118,5801,215,109,NA,NA,NA,NA,NA,"","23:40:33 14-Sep-2017"
"ZcTag063",171934,"Mk10",1505439740,"Argos","1",35.972,-74.4684,776,1273,473,34,NA,NA,NA,NA,NA,"","01:42:20 15-Sep-2017"
"ZcTag063",171934,"Mk10",1505469635,"Argos","B",35.8974,-74.8328,969,15012,62,130,NA,NA,NA,NA,NA,"","10:00:35 15-Sep-2017"
"ZcTag063",171934,"Mk10",1505481118,"Argos","B",35.7887,-74.6903,949,29069,31,95,NA,NA,NA,NA,NA,"","13:11:58 15-Sep-2017"
"ZcTag063",171934,"Mk10",1505522184,"Argos","2",35.7596,-74.6452,328,1081,99,59,NA,NA,NA,NA,NA,"","00:36:24 16-Sep-2017"
"ZcTag063",171934,"Mk10",1505555309,"Argos","A",35.6735,-74.4856,6070,174775,210,107,NA,NA,NA,NA,NA,"","09:48:29 16-Sep-2017"
"ZcTag063",171934,"Mk10",1505692398,"Argos","0",35.7631,-74.7394,6308,128892,308,85,NA,NA,NA,NA,NA,"","23:53:18 17-Sep-2017"
"ZcTag063",171934,"Mk10",1505701104,"Argos","A",35.6373,-74.7282,6211,214337,180,82,NA,NA,NA,NA,NA,"","02:18:24 18-Sep-2017"
"ZcTag063",171934,"Mk10",1505720767,"Argos","B",35.64,-74.6426,1689,39832,71,80,NA,NA,NA,NA,NA,"","07:46:07 18-Sep-2017"
"ZcTag063",171934,"Mk10",1505730684,"Argos","A",35.4781,-74.6125,4162,51466,336,86,NA,NA,NA,NA,NA,"","10:31:24 18-Sep-2017"
"ZcTag063",171934,"Mk10",1505738403,"Argos","Z",35.9499,-76.079,NA,NA,NA,NA,NA,NA,NA,NA,NA,"","12:40:03 18-Sep-2017"
"ZcTag063",171934,"Mk10",1505777150,"Argos","A",35.7446,-74.7959,19019,78523,4606,35,NA,NA,NA,NA,NA,"","23:25:50 18-Sep-2017"
"ZcTag063",171934,"Mk10",1505779210,"Argos","A",35.7479,-74.7852,37849,285064,5025,60,NA,NA,NA,NA,NA,"","00:00:10 19-Sep-2017"
"ZcTag063",171934,"Mk10",1505783132,"Argos","A",35.859,-74.7585,146432,NA,NA,NA,NA,NA,NA,NA,NA,"","01:05:32 19-Sep-2017"
"ZcTag063",171934,"Mk10",1505815370,"Argos","B",35.631,-74.6361,52757,NA,NA,NA,NA,NA,NA,NA,NA,"","10:02:50 19-Sep-2017"
"ZcTag063",171934,"Mk10",1505816947,"Argos","0",35.7723,-74.7126,3876,45356,331,79,NA,NA,NA,NA,NA,"","10:29:07 19-Sep-2017"
"ZcTag063",171934,"Mk10",1505821526,"Argos","B",36.1415,-76.4966,7475,144412,386,108,NA,NA,NA,NA,NA,"Lat > 4 deviations from mean","11:45:26 19-Sep-2017"
"ZcTag063",171934,"Mk10",1505827411,"Argos","B",35.6302,-74.5752,3325,20905,528,81,NA,NA,NA,NA,NA,"","13:23:31 19-Sep-2017"
"ZcTag063",171934,"Mk10",1505861085,"Argos","B",35.6938,-74.8103,2154,13815,335,107,NA,NA,NA,NA,NA,"","22:44:45 19-Sep-2017"
