"deployid","cee_id","cee_type","cee_source_vessel","focal_animals","date_YYYYMMDD","start_HHMMSS","end_HHMMSS","lon_start","lat_start","lon_end","lat_end","cee_st","cee_en","loc_st","loc_en","beh_st","beh_en","ser_st","ser_en","deploy_datenum","loc","beh","ser","beh_gaps","ser_gaps","datetime_string_max_spl","lower_025_spl","median_spl","upper_975_spl","rl_bin_spl","lower_025_csel","median_csel","upper_975_csel","datetime_string_range","crawltype_range","lower_025_range_km","median_range_km","upper_975_range_km","exposure_event","cee_st_posix","cee_en_posix","loc_st_posix","loc_en_posix","beh_st_posix","beh_en_posix","ser_st_posix","ser_en_posix","deploy_posix"
"Zc17_234a","17_01","simulated mfas",NA,NA,NA,NA,NA,NA,NA,NA,NA,NA,NA,NA,NA,NA,NA,NA,NA,NA,NA,NA,NA,NA,NA,NA,NA,NA,NA,">120",NA,NA,NA,NA,NA,NA,NA,NA,TRUE,NA,NA,NA,NA,NA,NA,NA,NA,NA
"Zc19_218a","19_03","simulated mfas",NA,NA,NA,NA,NA,NA,NA,NA,NA,NA,NA,NA,NA,NA,NA,NA,NA,NA,NA,NA,NA,NA,NA,NA,NA,NA,NA,">120",NA,NA,NA,NA,NA,NA,NA,NA,TRUE,NA,NA,NA,NA,NA,NA,NA,NA,NA
"Zc20_232a","20_03","simulated mfas",NA,NA,NA,NA,NA,NA,NA,NA,NA,NA,NA,NA,NA,NA,NA,NA,NA,NA,NA,NA,NA,NA,NA,NA,NA,NA,NA,">120",NA,NA,NA,NA,NA,NA,NA,NA,TRUE,NA,NA,NA,NA,NA,NA,NA,NA,NA
"ZcTag060","17_01","simulated mfas","Kahuna","Zc17_234a;Gm17_234a",20170822,184100,185400,-74.7699,35.5475,-74.7511,35.5639,1503427260,1503428040,1503011222,1505965537,1502990400,1505708012,NA,NA,1502990400,TRUE,TRUE,FALSE,NA,NA,"2017-08-22T18:50:00Z",81.5471105193057,95.5375797706793,121.519080544574,"<100",103.007805516809,107.537012102458,121.570239588984,"2017-08-22T18:41:00Z","regular",31.9764923531887,39.8382916412388,54.3780368842738,TRUE,2017-08-22 18:41:00,2017-08-22 18:54:00,2017-08-17 23:07:02,2017-09-21 03:45:37,2017-08-17 17:20:00,2017-09-18 04:13:32,NA,NA,2017-08-17 17:20:00
"ZcTag060","17_02","real mfas","USS Macfaul","ZcTag068;GmTag182",20170912,160346,170246,-74.2597,36.075,-74.73467,35.9503,1505232226,1505235766,1503011222,1505965537,1502990400,1505708012,NA,NA,1502990400,TRUE,TRUE,FALSE,NA,NA,NA,NA,NA,NA,NA,NA,NA,NA,NA,NA,NA,NA,NA,TRUE,2017-09-12 16:03:46,2017-09-12 17:02:46,2017-08-17 23:07:02,2017-09-21 03:45:37,2017-08-17 17:20:00,2017-09-18 04:13:32,NA,NA,2017-08-17 17:20:00
"ZcTag061","17_01","simulated mfas","Kahuna","Zc17_234a;Gm17_234a",20170822,184100,185400,-74.7699,35.5475,-74.7511,35.5639,1503427260,1503428040,1503019306,1506814112,1502993280,1506747676,NA,NA,1502993340,TRUE,TRUE,FALSE,NA,NA,"2017-08-22T18:54:00Z",92.8511881902383,115.683682317334,132.74115786767,"100-120",99.0829056937281,123.602469186845,139.31431221406,"2017-08-22T18:41:00Z","regular",7.86042452033217,17.4130282605686,34.2769466978894,TRUE,2017-08-22 18:41:00,2017-08-22 18:54:00,2017-08-18 01:21:46,2017-09-30 23:28:32,2017-08-17 18:08:00,2017-09-30 05:01:16,NA,NA,2017-08-17 18:09:00
"ZcTag061","17_02","real mfas","USS Macfaul","ZcTag068;GmTag182",20170912,160346,170246,-74.2597,36.075,-74.73467,35.9503,1505232226,1505235766,1503019306,1506814112,1502993280,1506747676,NA,NA,1502993340,TRUE,TRUE,FALSE,NA,NA,NA,NA,NA,NA,NA,NA,NA,NA,NA,NA,NA,NA,NA,TRUE,2017-09-12 16:03:46,2017-09-12 17:02:46,2017-08-18 01:21:46,2017-09-30 23:28:32,2017-08-17 18:08:00,2017-09-30 05:01:16,NA,NA,2017-08-17 18:09:00
"ZcTag062","17_01","simulated mfas","Kahuna","Zc17_234a;Gm17_234a",20170822,184100,185400,-74.7699,35.5475,-74.7511,35.5639,1503427260,1503428040,1503011398,1504035568,1503005460,1503943940,NA,NA,1503005520,TRUE,TRUE,FALSE,NA,NA,"2017-08-22T18:54:00Z",116.890072117654,136.252362293842,150.504906067623,">120",124.926757628508,146.852275692174,161.096263766728,"2017-08-22T18:41:00Z","regular",0.707077778483931,3.63877529782166,7.50319290645044,TRUE,2017-08-22 18:41:00,2017-08-22 18:54:00,2017-08-17 23:09:58,2017-08-29 19:39:28,2017-08-17 21:31:00,2017-08-28 18:12:20,NA,NA,2017-08-17 21:32:00
"ZcTag063","17_01","simulated mfas","Kahuna","Zc17_234a;Gm17_234a",20170822,184100,185400,-74.7699,35.5475,-74.7511,35.5639,1503427260,1503428040,1503264067,1505861085,1503248040,1505489082,NA,NA,1503247980,TRUE,TRUE,FALSE,NA,NA,"2017-08-22T18:54:00Z",87.634367467768,118.524028372289,139.286741982626,"100-120",102.080061248532,128.70806542718,146.024324495234,"2017-08-22T18:41:00Z","regular",5.59231186403338,18.8682153077032,35.7855100364837,TRUE,2017-08-22 18:41:00,2017-08-22 18:54:00,2017-08-20 21:21:07,2017-09-19 22:44:45,2017-08-20 16:54:00,2017-09-15 15:24:42,NA,NA,2017-08-20 16:53:00
"ZcTag063","17_02","real mfas","USS Macfaul","ZcTag068;GmTag182",20170912,160346,170246,-74.2597,36.075,-74.73467,35.9503,1505232226,1505235766,1503264067,1505861085,1503248040,1505489082,NA,NA,1503247980,TRUE,TRUE,FALSE,NA,NA,NA,NA,NA,NA,NA,NA,NA,NA,NA,NA,NA,NA,NA,TRUE,2017-09-12 16:03:46,2017-09-12 17:02:46,2017-08-20 21:21:07,2017-09-19 22:44:45,2017-08-20 16:54:00,2017-09-15 15:24:42,NA,NA,2017-08-20 16:53:00
"ZcTag064","17_01","simulated mfas","Kahuna","Zc17_234a;Gm17_234a",20170822,184100,185400,-74.7699,35.5475,-74.7511,35.5639,1503427260,1503428040,1503269712,1506251502,1503250920,1505442718,NA,NA,1503250860,TRUE,TRUE,FALSE,NA,NA,"2017-08-22T18:54:00Z",110.074810785491,128.932740612828,146.087949968449,">120",118.05628904842,138.722964261839,156.944692977625,"2017-08-22T18:41:00Z","regular",1.38054735962627,8.71002930979187,16.5152015163413,TRUE,2017-08-22 18:41:00,2017-08-22 18:54:00,2017-08-20 22:55:12,2017-09-24 11:11:42,2017-08-20 17:42:00,2017-09-15 02:31:58,NA,NA,2017-08-20 17:41:00
"ZcTag064","17_02","real mfas","USS Macfaul","ZcTag068;GmTag182",20170912,160346,170246,-74.2597,36.075,-74.73467,35.9503,1505232226,1505235766,1503269712,1506251502,1503250920,1505442718,NA,NA,1503250860,TRUE,TRUE,FALSE,NA,NA,NA,NA,NA,NA,NA,NA,NA,NA,NA,NA,NA,NA,NA,TRUE,2017-09-12 16:03:46,2017-09-12 17:02:46,2017-08-20 22:55:12,2017-09-24 11:11:42,2017-08-20 17:42:00,2017-09-15 02:31:58,NA,NA,2017-08-20 17:41:00
"ZcTag065","17_01","simulated mfas","Kahuna","Zc17_234a;Gm17_234a",20170822,184100,185400,-74.7699,35.5475,-74.7511,35.5639,1503427260,1503428040,1503480485,1504524833,1503421740,1504494588,NA,NA,1503421740,TRUE,TRUE,FALSE,NA,NA,"2017-08-22T18:54:00Z",118.375788464817,136.336377078193,148.420339051936,">120",130.672888015812,144.333189371885,160.651295709577,"2017-08-22T18:41:00Z","regular",0.580646080909288,2.14885489157483,5.55626859449899,TRUE,2017-08-22 18:41:00,2017-08-22 18:54:00,2017-08-23 09:28:05,2017-09-04 11:33:53,2017-08-22 17:09:00,2017-09-04 03:09:48,NA,NA,2017-08-22 17:09:00
"ZcTag069","18_02","simulated mfas","Kahuna","Gm18_145a;GmTag197",20180525,163300,170300,-74.73924,35.66087,-74.73707,35.66393,1527265980,1527267780,1527248145,1530533394,NA,NA,1527176100,1528329300,1527175800,TRUE,FALSE,TRUE,NA,NA,"2018-05-25T16:45:00Z",87.0591120281444,101.799181871248,110.925392022354,"100-120",112.8152674108,118.054921296354,127.248111240271,"2018-05-25T16:33:00Z","rejection_sampler",16.5471720126081,20.5769155544786,27.440189090469,TRUE,2018-05-25 16:33:00,2018-05-25 17:03:00,2018-05-25 11:35:45,2018-07-02 12:09:54,NA,NA,2018-05-24 15:35:00,2018-06-06 23:55:00,2018-05-24 15:30:00
"ZcTag069","18_03","simulated mfas","Kahuna","Gm18_150b",20180530,174900,181900,-74.81288,35.87765,-74.82071,35.88489,1527702540,1527704340,1527248145,1530533394,NA,NA,1527176100,1528329300,1527175800,TRUE,FALSE,TRUE,NA,NA,"2018-05-30T18:10:00Z",112.385200840311,141.64720398096,148.447378392308,">120",153.612436088809,158.916195823013,163.723230054125,"2018-05-30T17:49:00Z","rejection_sampler",1.83711968449688,3.83034292788182,6.35790330306127,TRUE,2018-05-30 17:49:00,2018-05-30 18:19:00,2018-05-25 11:35:45,2018-07-02 12:09:54,NA,NA,2018-05-24 15:35:00,2018-06-06 23:55:00,2018-05-24 15:30:00
"ZcTag069","18_04","real mfas","USS Nitze","ZcTag069;ZcTag070;GmTag198;GmTag201;GmTag202",20180603,160004,170004,-74.36027,35.85405,-74.42361,35.75417,1528041604,1528045204,1527248145,1530533394,NA,NA,1527176100,1528329300,1527175800,TRUE,FALSE,TRUE,NA,NA,NA,NA,NA,NA,NA,NA,NA,NA,NA,NA,NA,NA,NA,TRUE,2018-06-03 16:00:04,2018-06-03 17:00:04,2018-05-25 11:35:45,2018-07-02 12:09:54,NA,NA,2018-05-24 15:35:00,2018-06-06 23:55:00,2018-05-24 15:30:00
"ZcTag069","18_05","control","Barber","Gm18_157b",20180606,184800,191800,-74.768605,35.599188,-74.761562,35.604053,1528310880,1528312680,1527248145,1530533394,NA,NA,1527176100,1528329300,1527175800,TRUE,FALSE,TRUE,NA,NA,NA,NA,NA,NA,"control",NA,NA,NA,"2018-06-06T18:48:00Z","regular",99.0470811847158,122.793599830818,145.985740938662,TRUE,2018-06-06 18:48:00,2018-06-06 19:18:00,2018-05-25 11:35:45,2018-07-02 12:09:54,NA,NA,2018-05-24 15:35:00,2018-06-06 23:55:00,2018-05-24 15:30:00
"ZcTag069","18_06","real mfas","USS Ramage","ZcTag069;GmTag203;GmTag204;GmTag205",20180613,140600,150600,-74.737,35.818,-74.736,35.6915,1528898760,1528902360,1527248145,1530533394,NA,NA,1527176100,1528329300,1527175800,TRUE,FALSE,FALSE,NA,NA,NA,NA,NA,NA,NA,NA,NA,NA,NA,NA,NA,NA,NA,TRUE,2018-06-13 14:06:00,2018-06-13 15:06:00,2018-05-25 11:35:45,2018-07-02 12:09:54,NA,NA,2018-05-24 15:35:00,2018-06-06 23:55:00,2018-05-24 15:30:00
"ZcTag070","18_02","simulated mfas","Kahuna","Gm18_145a;GmTag197",20180525,163300,170300,-74.73924,35.66087,-74.73707,35.66393,1527265980,1527267780,1527329091,1528330186,1527255180,1527863482,NA,NA,1527255180,TRUE,TRUE,FALSE,NA,NA,"2018-05-25T16:55:00Z",101.035823142351,116.494488397112,132.059886605539,"100-120",123.995715690546,133.658825987278,141.234061185952,"2018-05-25T16:33:00Z","regular",14.4801346984943,16.9543836941139,18.8579788322925,TRUE,2018-05-25 16:33:00,2018-05-25 17:03:00,2018-05-26 10:04:51,2018-06-07 00:09:46,2018-05-25 13:33:00,2018-06-01 14:31:22,NA,NA,2018-05-25 13:33:00
"ZcTag070","18_03","simulated mfas","Kahuna","Gm18_150b",20180530,174900,181900,-74.81288,35.87765,-74.82071,35.88489,1527702540,1527704340,1527329091,1528330186,1527255180,1527863482,NA,NA,1527255180,TRUE,TRUE,FALSE,"full",NA,"2018-05-30T18:00:00Z",81.7288955800835,87.5709231030089,94.5999661617203,"<100",101.085271704446,102.066552978437,107.944146303564,"2018-05-30T17:49:00Z","regular",85.07921840289,99.6198864221098,111.604693718319,TRUE,2018-05-30 17:49:00,2018-05-30 18:19:00,2018-05-26 10:04:51,2018-06-07 00:09:46,2018-05-25 13:33:00,2018-06-01 14:31:22,NA,NA,2018-05-25 13:33:00
"ZcTag070","18_04","real mfas","USS Nitze","ZcTag069;ZcTag070;GmTag198;GmTag201;GmTag202",20180603,160004,170004,-74.36027,35.85405,-74.42361,35.75417,1528041604,1528045204,1527329091,1528330186,1527255180,1527863482,NA,NA,1527255180,TRUE,FALSE,FALSE,NA,NA,NA,NA,NA,NA,NA,NA,NA,NA,NA,NA,NA,NA,NA,TRUE,2018-06-03 16:00:04,2018-06-03 17:00:04,2018-05-26 10:04:51,2018-06-07 00:09:46,2018-05-25 13:33:00,2018-06-01 14:31:22,NA,NA,2018-05-25 13:33:00
"ZcTag070","18_05","control","Barber","Gm18_157b",20180606,184800,191800,-74.768605,35.599188,-74.761562,35.604053,1528310880,1528312680,1527329091,1528330186,1527255180,1527863482,NA,NA,1527255180,TRUE,FALSE,FALSE,NA,NA,NA,NA,NA,NA,"control",NA,NA,NA,"2018-06-06T18:48:00Z","regular",24.1332258155728,29.7165336968434,36.514894460021,TRUE,2018-06-06 18:48:00,2018-06-06 19:18:00,2018-05-26 10:04:51,2018-06-07 00:09:46,2018-05-25 13:33:00,2018-06-01 14:31:22,NA,NA,2018-05-25 13:33:00
"ZcTag071_DUML","18_07","control","Kahuna","Gm18_227a",20180815,160000,163000,-74.795325,35.750985,-74.796618,35.759158,1534348800,1534350600,1533563154,1535723637,NA,NA,NA,NA,1533483960,TRUE,FALSE,FALSE,NA,NA,NA,NA,NA,NA,"control",NA,NA,NA,"2018-08-15T16:00:00Z","regular",2.35468601328564,16.7846648811714,29.4510188685239,TRUE,2018-08-15 16:00:00,2018-08-15 16:30:00,2018-08-06 13:45:54,2018-08-31 13:53:57,NA,NA,NA,NA,2018-08-05 15:46:00
"ZcTag071_DUML","18_08","simulated mfas","Kahuna","Gm18_239a",20180827,185600,192600,-74.786848,35.848087,-74.778645,35.854292,1535396160,1535397960,1533563154,1535723637,NA,NA,NA,NA,1533483960,TRUE,FALSE,FALSE,NA,NA,"2018-08-27T19:20:00Z",70.1223402186486,84.3997437487759,114.492785376932,"<100",90.9890294114689,100.789666653258,125.996550068969,"2018-08-27T18:56:00Z","regular",10.7055591678864,45.0993820056435,111.120963982208,TRUE,2018-08-27 18:56:00,2018-08-27 19:26:00,2018-08-06 13:45:54,2018-08-31 13:53:57,NA,NA,NA,NA,2018-08-05 15:46:00
"ZcTag072_DUML","18_07","control","Kahuna","Gm18_227a",20180815,160000,163000,-74.795325,35.750985,-74.796618,35.759158,1534348800,1534350600,1533497238,1537191066,NA,NA,1533485400,1533497100,1533485400,TRUE,FALSE,FALSE,NA,NA,NA,NA,NA,NA,"control",NA,NA,NA,"2018-08-15T16:00:00Z","regular",14.9659990039589,26.2531064612461,36.0787469747886,TRUE,2018-08-15 16:00:00,2018-08-15 16:30:00,2018-08-05 19:27:18,2018-09-17 13:31:06,NA,NA,2018-08-05 16:10:00,2018-08-05 19:25:00,2018-08-05 16:10:00
"ZcTag073_DUML","18_07","control","Kahuna","Gm18_227a",20180815,160000,163000,-74.795325,35.750985,-74.796618,35.759158,1534348800,1534350600,1533515404,1537263258,NA,NA,1533500100,1534636500,1533499980,TRUE,FALSE,TRUE,NA,NA,NA,NA,NA,NA,"control",NA,NA,NA,"2018-08-15T16:00:00Z","regular",30.4825002850663,51.1495306192508,71.600741165911,TRUE,2018-08-15 16:00:00,2018-08-15 16:30:00,2018-08-06 00:30:04,2018-09-18 09:34:18,NA,NA,2018-08-05 20:15:00,2018-08-18 23:55:00,2018-08-05 20:13:00
"ZcTag073_DUML","18_08","simulated mfas","Kahuna","Gm18_239a",20180827,185600,192600,-74.786848,35.848087,-74.778645,35.854292,1535396160,1535397960,1533515404,1537263258,NA,NA,1533500100,1534636500,1533499980,TRUE,FALSE,FALSE,NA,NA,"2018-08-27T19:20:00Z",78.2479466752739,78.3875056258027,78.3875056258027,"<100",95.7603437243612,96.3266278752036,96.8929120260461,"2018-08-27T18:56:00Z","regular",37.3923570672204,58.2647804742085,74.947244837863,TRUE,2018-08-27 18:56:00,2018-08-27 19:26:00,2018-08-06 00:30:04,2018-09-18 09:34:18,NA,NA,2018-08-05 20:15:00,2018-08-18 23:55:00,2018-08-05 20:13:00
"ZcTag075_DUML","18_07","control","Kahuna","Gm18_227a",20180815,160000,163000,-74.795325,35.750985,-74.796618,35.759158,1534348800,1534350600,1533583035,1537127109,NA,NA,1533573000,1534722900,1533572640,TRUE,FALSE,TRUE,NA,NA,NA,NA,NA,NA,"control",NA,NA,NA,"2018-08-15T16:00:00Z","regular",35.6254666633551,42.5273638242646,50.856957083763,TRUE,2018-08-15 16:00:00,2018-08-15 16:30:00,2018-08-06 19:17:15,2018-09-16 19:45:09,NA,NA,2018-08-06 16:30:00,2018-08-19 23:55:00,2018-08-06 16:24:00
"ZcTag076_DUML","18_07","control","Kahuna","Gm18_227a",20180815,160000,163000,-74.795325,35.750985,-74.796618,35.759158,1534348800,1534350600,1533583040,1537141852,1533575460,1537161172,NA,NA,1533575400,TRUE,TRUE,FALSE,NA,NA,NA,NA,NA,NA,"control",NA,NA,NA,"2018-08-15T16:00:00Z","regular",47.3546065642532,65.3638850767636,82.0582407124405,TRUE,2018-08-15 16:00:00,2018-08-15 16:30:00,2018-08-06 19:17:20,2018-09-16 23:50:52,2018-08-06 17:11:00,2018-09-17 05:12:52,NA,NA,2018-08-06 17:10:00
"ZcTag076_DUML","18_08","simulated mfas","Kahuna","Gm18_239a",20180827,185600,192600,-74.786848,35.848087,-74.778645,35.854292,1535396160,1535397960,1533583040,1537141852,1533575460,1537161172,NA,NA,1533575400,TRUE,TRUE,FALSE,NA,NA,"2018-08-27T19:25:00Z",73.7640716691558,75.756828136501,80.6242448107839,"<100",92.8985752348868,93.5205509430651,94.9852894437866,"2018-08-27T18:56:00Z","regular",34.6178781525295,41.3709440628433,46.2375024676558,TRUE,2018-08-27 18:56:00,2018-08-27 19:26:00,2018-08-06 19:17:20,2018-09-16 23:50:52,2018-08-06 17:11:00,2018-09-17 05:12:52,NA,NA,2018-08-06 17:10:00
"ZcTag077_DUML","18_07","control","Kahuna","Gm18_227a",20180815,160000,163000,-74.795325,35.750985,-74.796618,35.759158,1534348800,1534350600,1533588882,1535621481,NA,NA,NA,NA,1533583680,TRUE,FALSE,FALSE,NA,NA,NA,NA,NA,NA,"control",NA,NA,NA,"2018-08-15T16:00:00Z","regular",16.3412868328499,18.9902933323727,22.2807508729598,TRUE,2018-08-15 16:00:00,2018-08-15 16:30:00,2018-08-06 20:54:42,2018-08-30 09:31:21,NA,NA,NA,NA,2018-08-06 19:28:00
"ZcTag077_DUML","18_08","simulated mfas","Kahuna","Gm18_239a",20180827,185600,192600,-74.786848,35.848087,-74.778645,35.854292,1535396160,1535397960,1533588882,1535621481,NA,NA,NA,NA,1533583680,TRUE,FALSE,FALSE,NA,NA,"2018-08-27T19:10:00Z",73.730079756596,77.0718422658938,84.3903133734129,"<100",93.250404617842,94.3454509461534,96.7974654335423,"2018-08-27T18:56:00Z","regular",27.5898484332476,33.1554683311558,38.7509247637143,TRUE,2018-08-27 18:56:00,2018-08-27 19:26:00,2018-08-06 20:54:42,2018-08-30 09:31:21,NA,NA,NA,NA,2018-08-06 19:28:00
"ZcTag078_DUML","18_07","control","Kahuna","Gm18_227a",20180815,160000,163000,-74.795325,35.750985,-74.796618,35.759158,1534348800,1534350600,1533598300,1535588883,1533587280,1535555448,NA,NA,1533587340,TRUE,TRUE,FALSE,NA,NA,NA,NA,NA,NA,"control",NA,NA,NA,"2018-08-15T16:00:00Z","regular",1.31991925061526,4.01567168035265,9.54518338109225,TRUE,2018-08-15 16:00:00,2018-08-15 16:30:00,2018-08-06 23:31:40,2018-08-30 00:28:03,2018-08-06 20:28:00,2018-08-29 15:10:48,NA,NA,2018-08-06 20:29:00
"ZcTag078_DUML","18_08","simulated mfas","Kahuna","Gm18_239a",20180827,185600,192600,-74.786848,35.848087,-74.778645,35.854292,1535396160,1535397960,1533598300,1535588883,1533587280,1535555448,NA,NA,1533587340,TRUE,TRUE,FALSE,NA,NA,"2018-08-27T19:10:00Z",78.7028164680869,106.18123668155,126.138328384068,"100-120",103.702311296722,124.818468590094,147.933981535863,"2018-08-27T18:56:00Z","regular",3.27125365455571,14.2863744388137,29.2600320341427,TRUE,2018-08-27 18:56:00,2018-08-27 19:26:00,2018-08-06 23:31:40,2018-08-30 00:28:03,2018-08-06 20:28:00,2018-08-29 15:10:48,NA,NA,2018-08-06 20:29:00
"ZcTag079_DUML","18_07","control","Kahuna","Gm18_227a",20180815,160000,163000,-74.795325,35.750985,-74.796618,35.759158,1534348800,1534350600,1533685099,1537315335,NA,NA,1533647100,1537195500,1533646920,TRUE,FALSE,TRUE,NA,"full",NA,NA,NA,NA,"control",NA,NA,NA,"2018-08-15T16:00:00Z","regular",22.0520151308197,32.2906426586386,40.7976975285099,TRUE,2018-08-15 16:00:00,2018-08-15 16:30:00,2018-08-07 23:38:19,2018-09-19 00:02:15,NA,NA,2018-08-07 13:05:00,2018-09-17 14:45:00,2018-08-07 13:02:00
"ZcTag079_DUML","18_08","simulated mfas","Kahuna","Gm18_239a",20180827,185600,192600,-74.786848,35.848087,-74.778645,35.854292,1535396160,1535397960,1533685099,1537315335,NA,NA,1533647100,1537195500,1533646920,TRUE,FALSE,TRUE,NA,NA,"2018-08-27T19:15:00Z",74.0322168034279,90.8546950389305,118.622941728813,"<100",101.246044905034,115.447419676048,132.363037145086,"2018-08-27T18:56:00Z","rejection_sampler",4.26060306053644,22.2048051629741,40.1209275291396,TRUE,2018-08-27 18:56:00,2018-08-27 19:26:00,2018-08-07 23:38:19,2018-09-19 00:02:15,NA,NA,2018-08-07 13:05:00,2018-09-17 14:45:00,2018-08-07 13:02:00
"ZcTag080_DUML","18_07","control","Kahuna","Gm18_227a",20180815,160000,163000,-74.795325,35.750985,-74.796618,35.759158,1534348800,1534350600,1533854315,1537403897,NA,NA,1533658800,1534794900,1533658500,TRUE,FALSE,TRUE,NA,NA,NA,NA,NA,NA,"control",NA,NA,NA,"2018-08-15T16:00:00Z","regular",22.8275185989879,34.2056000559988,45.5821435741311,TRUE,2018-08-15 16:00:00,2018-08-15 16:30:00,2018-08-09 22:38:35,2018-09-20 00:38:17,NA,NA,2018-08-07 16:20:00,2018-08-20 19:55:00,2018-08-07 16:15:00
"ZcTag080_DUML","18_08","simulated mfas","Kahuna","Gm18_239a",20180827,185600,192600,-74.786848,35.848087,-74.778645,35.854292,1535396160,1535397960,1533854315,1537403897,NA,NA,1533658800,1534794900,1533658500,TRUE,FALSE,FALSE,NA,NA,"2018-08-27T19:10:00Z",73.5644242629208,76.2962391543357,82.2488796142632,"<100",92.3847214020663,93.6761468946476,94.209588994826,"2018-08-27T18:56:00Z","regular",37.6958525107728,55.1890503055634,72.6135030376408,TRUE,2018-08-27 18:56:00,2018-08-27 19:26:00,2018-08-09 22:38:35,2018-09-20 00:38:17,NA,NA,2018-08-07 16:20:00,2018-08-20 19:55:00,2018-08-07 16:15:00
"ZcTag081_DUML","18_07","control","Kahuna","Gm18_227a",20180815,160000,163000,-74.795325,35.750985,-74.796618,35.759158,1534348800,1534350600,1533691054,1538617135,NA,NA,1533662700,1533935700,1533662580,TRUE,FALSE,FALSE,NA,NA,NA,NA,NA,NA,"control",NA,NA,NA,"2018-08-15T16:00:00Z","regular",12.7155505946117,30.7757114364192,51.239531089109,TRUE,2018-08-15 16:00:00,2018-08-15 16:30:00,2018-08-08 01:17:34,2018-10-04 01:38:55,NA,NA,2018-08-07 17:25:00,2018-08-10 21:15:00,2018-08-07 17:23:00
"ZcTag081_DUML","18_08","simulated mfas","Kahuna","Gm18_239a",20180827,185600,192600,-74.786848,35.848087,-74.778645,35.854292,1535396160,1535397960,1533691054,1538617135,NA,NA,1533662700,1533935700,1533662580,TRUE,FALSE,FALSE,NA,NA,"2018-08-27T19:25:00Z",71.7274192483106,82.7697177054306,108.819798389222,"<100",94.1884132138317,99.5188555443251,123.810868953093,"2018-08-27T18:56:00Z","regular",15.913144599373,33.6079541708345,51.2283825674853,TRUE,2018-08-27 18:56:00,2018-08-27 19:26:00,2018-08-08 01:17:34,2018-10-04 01:38:55,NA,NA,2018-08-07 17:25:00,2018-08-10 21:15:00,2018-08-07 17:23:00
"ZcTag082_DUML","19_01","simulated mfas","Hog Wild","ZcTag082_DUML;ZcTag083_DUML",20190521,150450,151115,-74.755902,35.40247,-74.748435,35.40688,1558451090,1558451475,1557607756,1562123764,NA,NA,1557594000,1558448100,1557593940,TRUE,FALSE,FALSE,NA,NA,"2019-05-21T15:11:15Z",95.5568352263093,112.435625695012,125.826235927578,"100-120",112.021817865467,119.491718916809,129.367049838743,"2019-05-21T15:04:50Z","regular",13.8594825815442,29.0768433787872,46.6232213952261,TRUE,2019-05-21 15:04:50,2019-05-21 15:11:15,2019-05-11 20:49:16,2019-07-03 03:16:04,NA,NA,2019-05-11 17:00:00,2019-05-21 14:15:00,2019-05-11 16:59:00
"ZcTag082_DUML","19_02","simulated mfas","Kahuna","ZcTag089_DUML;ZcTag086_DUML",20190607,151309,154309,-74.806143,35.423072,-74.776073,35.49813,1559920389,1559922189,1557607756,1562123764,NA,NA,1557594000,1558448100,1557593940,TRUE,FALSE,FALSE,NA,NA,"2019-06-07T15:38:09Z",85.3866985841368,98.9064251381832,109.7152286861,"<100",110.293349225188,116.43971385735,119.813904428098,"2019-06-07T15:13:09Z","regular",51.9842651013625,60.0426901739357,66.9339723149638,TRUE,2019-06-07 15:13:09,2019-06-07 15:43:09,2019-05-11 20:49:16,2019-07-03 03:16:04,NA,NA,2019-05-11 17:00:00,2019-05-21 14:15:00,2019-05-11 16:59:00
"ZcTag083_DUML","19_01","simulated mfas","Hog Wild","ZcTag082_DUML;ZcTag083_DUML",20190521,150450,151115,-74.755902,35.40247,-74.748435,35.40688,1558451090,1558451475,1557613469,1560990517,NA,NA,1557606300,1558482900,1557606180,TRUE,FALSE,TRUE,NA,NA,"2019-05-21T15:11:15Z",101.987715431151,117.381058756027,136.778115753855,"100-120",109.977012888942,123.757922394553,138.212434198683,"2019-05-21T15:04:50Z","rejection_sampler",4.69871416034614,13.3456043096586,21.0341231353112,TRUE,2019-05-21 15:04:50,2019-05-21 15:11:15,2019-05-11 22:24:29,2019-06-20 00:28:37,NA,NA,2019-05-11 20:25:00,2019-05-21 23:55:00,2019-05-11 20:23:00
"ZcTag083_DUML","19_02","simulated mfas","Kahuna","ZcTag089_DUML;ZcTag086_DUML",20190607,151309,154309,-74.806143,35.423072,-74.776073,35.49813,1559920389,1559922189,1557613469,1560990517,NA,NA,1557606300,1558482900,1557606180,TRUE,FALSE,FALSE,NA,NA,"2019-06-07T15:33:09Z",91.1198169638289,123.756209512866,130.006757657857,">120",134.247424486144,141.113072267062,147.011833355351,"2019-06-07T15:13:09Z","regular",9.26082779191452,16.1395426215415,24.4713551699452,TRUE,2019-06-07 15:13:09,2019-06-07 15:43:09,2019-05-11 22:24:29,2019-06-20 00:28:37,NA,NA,2019-05-11 20:25:00,2019-05-21 23:55:00,2019-05-11 20:23:00
"ZcTag084_DUML","19_02","simulated mfas","Kahuna","ZcTag089_DUML;ZcTag086_DUML",20190607,151309,154309,-74.806143,35.423072,-74.776073,35.49813,1559920389,1559922189,1558616616,1562425895,NA,NA,1558615800,1559778900,1558615620,TRUE,FALSE,FALSE,NA,NA,"2019-06-07T15:33:09Z",91.1592256884081,112.601748440894,126.612734557975,"100-120",112.714814711083,130.101810885819,143.138304053023,"2019-06-07T15:13:09Z","regular",16.1624324151474,33.5042551169614,52.6246151280744,TRUE,2019-06-07 15:13:09,2019-06-07 15:43:09,2019-05-23 13:03:36,2019-07-06 15:11:35,NA,NA,2019-05-23 12:50:00,2019-06-05 23:55:00,2019-05-23 12:47:00
"ZcTag085_DUML","19_02","simulated mfas","Kahuna","ZcTag089_DUML;ZcTag086_DUML",20190607,151309,154309,-74.806143,35.423072,-74.776073,35.49813,1559920389,1559922189,1558969423,1562497136,NA,NA,1558968000,1560110100,1558967820,TRUE,FALSE,TRUE,NA,NA,"2019-06-07T15:43:09Z",98.5368120530214,116.469198621004,132.35054390421,"100-120",128.941169506893,135.932393012894,146.77632522652,"2019-06-07T15:13:09Z","rejection_sampler",15.2609084884029,25.0704039030328,42.8624467408659,TRUE,2019-06-07 15:13:09,2019-06-07 15:43:09,2019-05-27 15:03:43,2019-07-07 10:58:56,NA,NA,2019-05-27 14:40:00,2019-06-09 19:55:00,2019-05-27 14:37:00
"ZcTag086_DUML","19_02","simulated mfas","Kahuna","ZcTag089_DUML;ZcTag086_DUML",20190607,151309,154309,-74.806143,35.423072,-74.776073,35.49813,1559920389,1559922189,1559088551,1560211834,NA,NA,1559060700,1559937300,1559060460,TRUE,FALSE,TRUE,NA,"full","2019-06-07T15:43:09Z",108.372843755425,124.108331947409,135.228299002739,">120",132.942682661567,140.493111967254,149.39520017938,"2019-06-07T15:13:09Z","regular",11.0869075259029,16.7096941292786,23.5994274560831,TRUE,2019-06-07 15:13:09,2019-06-07 15:43:09,2019-05-29 00:09:11,2019-06-11 00:10:34,NA,NA,2019-05-28 16:25:00,2019-06-07 19:55:00,2019-05-28 16:21:00
"ZcTag087_DUML","19_02","simulated mfas","Kahuna","ZcTag089_DUML;ZcTag086_DUML",20190607,151309,154309,-74.806143,35.423072,-74.776073,35.49813,1559920389,1559922189,1559486071,1561284016,NA,NA,1559485200,1560642900,1559485020,TRUE,FALSE,TRUE,NA,NA,"2019-06-07T15:28:09Z",103.956571361616,119.263048947833,138.941155153916,"100-120",133.216411630574,139.80804759841,146.6506953204,"2019-06-07T15:13:09Z","rejection_sampler",4.03496503703423,16.5253769401292,40.5604181139025,TRUE,2019-06-07 15:13:09,2019-06-07 15:43:09,2019-06-02 14:34:31,2019-06-23 10:00:16,NA,NA,2019-06-02 14:20:00,2019-06-15 23:55:00,2019-06-02 14:17:00
"ZcTag088_DUML","19_02","simulated mfas","Kahuna","ZcTag089_DUML;ZcTag086_DUML",20190607,151309,154309,-74.806143,35.423072,-74.776073,35.49813,1559920389,1559922189,1559492150,1563236695,NA,NA,1559486100,1560642900,1559485920,TRUE,FALSE,TRUE,NA,NA,"2019-06-07T15:33:09Z",93.8889418509436,108.018871568575,118.587571725079,"100-120",119.775366482617,125.051672808074,128.959726838304,"2019-06-07T15:13:09Z","rejection_sampler",37.7757895510285,53.440540608037,74.1618230388306,TRUE,2019-06-07 15:13:09,2019-06-07 15:43:09,2019-06-02 16:15:50,2019-07-16 00:24:55,NA,NA,2019-06-02 14:35:00,2019-06-15 23:55:00,2019-06-02 14:32:00
"ZcTag089_DUML","19_02","simulated mfas","Kahuna","ZcTag089_DUML;ZcTag086_DUML",20190607,151309,154309,-74.806143,35.423072,-74.776073,35.49813,1559920389,1559922189,1559519078,1561864124,NA,NA,1559492700,1560642900,1559492400,TRUE,FALSE,TRUE,NA,NA,"2019-06-07T15:23:09Z",118.973395444003,133.939696479687,142.504301120915,">120",145.734929002432,150.97771892645,154.927575143566,"2019-06-07T15:13:09Z","rejection_sampler",2.521269069653,4.83075245522753,8.34808496189272,TRUE,2019-06-07 15:13:09,2019-06-07 15:43:09,2019-06-02 23:44:38,2019-06-30 03:08:44,NA,NA,2019-06-02 16:25:00,2019-06-15 23:55:00,2019-06-02 16:20:00
"ZcTag090_DUML","19_03","simulated mfas","Kahuna","Zc19_218a;ZcTag093_DUML",20190806,173743,180743,-74.76018,35.5973,-74.75063,35.60955,1565113063,1565114863,1564415551,1565751973,NA,NA,1564414800,1564510200,1564414320,TRUE,FALSE,FALSE,NA,NA,"2019-08-06T17:47:43Z",100.364237909206,119.05134853734,134.749947672381,"100-120",124.653949226666,135.853454174195,149.620378680974,"2019-08-06T17:37:43Z","regular",5.70225743928423,15.7450142274968,25.3646103332318,TRUE,2019-08-06 17:37:43,2019-08-06 18:07:43,2019-07-29 15:52:31,2019-08-14 03:06:13,NA,NA,2019-07-29 15:40:00,2019-07-30 18:10:00,2019-07-29 15:32:00
"ZcTag091_DUML","19_03","simulated mfas","Kahuna","Zc19_218a;ZcTag093_DUML",20190806,173743,180743,-74.76018,35.5973,-74.75063,35.60955,1565113063,1565114863,1564443117,1565616701,NA,NA,NA,NA,1564427220,TRUE,FALSE,FALSE,NA,NA,"2019-08-06T17:47:43Z",85.7132090189041,95.5121483184647,105.134805225743,"<100",108.721013727327,111.854109702752,114.649274190938,"2019-08-06T17:37:43Z","regular",59.6450206173708,68.8206866555356,78.91417618041,TRUE,2019-08-06 17:37:43,2019-08-06 18:07:43,2019-07-29 23:31:57,2019-08-12 13:31:41,NA,NA,NA,NA,2019-07-29 19:07:00
"ZcTag092_DUML","19_03","simulated mfas","Kahuna","Zc19_218a;ZcTag093_DUML",20190806,173743,180743,-74.76018,35.5973,-74.75063,35.60955,1565113063,1565114863,1564491706,1567995968,NA,NA,1564491000,1565049900,1564490820,TRUE,FALSE,FALSE,NA,NA,"2019-08-06T17:57:43Z",99.2628077989849,122.845848622335,141.188590944716,">120",120.231984114369,137.204811318736,157.226645316369,"2019-08-06T17:37:43Z","regular",3.63260700518639,13.6724284152356,28.2752086578325,TRUE,2019-08-06 17:37:43,2019-08-06 18:07:43,2019-07-30 13:01:46,2019-09-09 02:26:08,NA,NA,2019-07-30 12:50:00,2019-08-06 00:05:00,2019-07-30 12:47:00
"ZcTag092_DUML","19_04","simulated mfas","Kahuna","ZcTag095_DUML;ZcTag096_DUML;ZcTag097_DUML",20190819,191100,194100,-74.77575,35.78798,-74.763427,35.80173,1566241860,1566243660,1564491706,1567995968,NA,NA,1564491000,1565049900,1564490820,TRUE,FALSE,FALSE,NA,NA,"2019-08-19T19:26:00Z",75.9371081431518,103.547292079493,134.648120692506,"100-120",95.0965356846127,112.713953660681,138.426365395857,"2019-08-19T19:11:00Z","regular",5.79443055824813,24.5610504739942,48.1607008746749,TRUE,2019-08-19 19:11:00,2019-08-19 19:41:00,2019-07-30 13:01:46,2019-09-09 02:26:08,NA,NA,2019-07-30 12:50:00,2019-08-06 00:05:00,2019-07-30 12:47:00
"ZcTag093_DUML","19_03","simulated mfas","Kahuna","Zc19_218a;ZcTag093_DUML",20190806,173743,180743,-74.76018,35.5973,-74.75063,35.60955,1565113063,1565114863,1564496773,1566643625,NA,NA,1564491900,1565654100,1564491660,TRUE,FALSE,TRUE,NA,NA,"2019-08-06T17:47:43Z",119.38608511637,134.794481219287,144.62460016369,">120",146.003175962098,151.804556215829,156.409546349671,"2019-08-06T17:37:43Z","rejection_sampler",1.16013755854331,4.34329080741991,7.56809428258934,TRUE,2019-08-06 17:37:43,2019-08-06 18:07:43,2019-07-30 14:26:13,2019-08-24 10:47:05,NA,NA,2019-07-30 13:05:00,2019-08-12 23:55:00,2019-07-30 13:01:00
"ZcTag093_DUML","19_04","simulated mfas","Kahuna","ZcTag095_DUML;ZcTag096_DUML;ZcTag097_DUML",20190819,191100,194100,-74.77575,35.78798,-74.763427,35.80173,1566241860,1566243660,1564496773,1566643625,NA,NA,1564491900,1565654100,1564491660,TRUE,FALSE,FALSE,NA,NA,"2019-08-19T19:41:00Z",90.2602619032368,116.760833548706,145.186092937268,"100-120",102.382349098535,125.448419706399,161.000926195233,"2019-08-19T19:11:00Z","regular",2.96423054704651,12.9066086417938,25.5658304221667,TRUE,2019-08-19 19:11:00,2019-08-19 19:41:00,2019-07-30 14:26:13,2019-08-24 10:47:05,NA,NA,2019-07-30 13:05:00,2019-08-12 23:55:00,2019-07-30 13:01:00
"ZcTag095_DUML","19_04","simulated mfas","Kahuna","ZcTag095_DUML;ZcTag096_DUML;ZcTag097_DUML",20190819,191100,194100,-74.77575,35.78798,-74.763427,35.80173,1566241860,1566243660,1565650289,1568902350,NA,NA,1565627100,1566777300,1565626800,TRUE,FALSE,TRUE,NA,NA,"2019-08-19T19:26:00Z",110.338556402209,134.34981264549,146.496006320647,">120",137.844136964107,151.92139044252,158.244942504526,"2019-08-19T19:11:00Z","rejection_sampler",1.33170973318355,3.71326943952957,7.17969444991081,TRUE,2019-08-19 19:11:00,2019-08-19 19:41:00,2019-08-12 22:51:29,2019-09-19 14:12:30,NA,NA,2019-08-12 16:25:00,2019-08-25 23:55:00,2019-08-12 16:20:00
"ZcTag096_DUML","19_04","simulated mfas","Kahuna","ZcTag095_DUML;ZcTag096_DUML;ZcTag097_DUML",20190819,191100,194100,-74.77575,35.78798,-74.763427,35.80173,1566241860,1566243660,1565650291,1569378875,NA,NA,1565628300,1566777300,1565628180,TRUE,FALSE,TRUE,NA,NA,"2019-08-19T19:21:00Z",110.863202502676,133.800567404842,146.994634145307,">120",136.699500067457,151.475113332497,158.789598905954,"2019-08-19T19:11:00Z","rejection_sampler",0.917796865554642,3.44254249983537,7.17904535647988,TRUE,2019-08-19 19:11:00,2019-08-19 19:41:00,2019-08-12 22:51:31,2019-09-25 02:34:35,NA,NA,2019-08-12 16:45:00,2019-08-25 23:55:00,2019-08-12 16:43:00
"ZcTag097_DUML","19_04","simulated mfas","Kahuna","ZcTag095_DUML;ZcTag096_DUML;ZcTag097_DUML",20190819,191100,194100,-74.77575,35.78798,-74.763427,35.80173,1566241860,1566243660,1565650280,1568768373,NA,NA,1565629800,1566777300,1565629500,TRUE,FALSE,TRUE,NA,NA,"2019-08-19T19:21:00Z",109.099733426218,123.982146218624,147.104414959418,">120",134.356004682441,147.473114409683,155.983303347336,"2019-08-19T19:11:00Z","rejection_sampler",1.24612480326979,3.71267227239208,6.41766670934326,TRUE,2019-08-19 19:11:00,2019-08-19 19:41:00,2019-08-12 22:51:20,2019-09-18 00:59:33,NA,NA,2019-08-12 17:10:00,2019-08-25 23:55:00,2019-08-12 17:05:00
"ZcTag098_DUML","20_01","real mfas","USS Cole","ZcTag098_DUML;GmTag228_DUML",20200715,150300,160300,-74.718,36.102,-74.655,35.983,1594825380,1594828980,1594766794,1598227646,NA,NA,1594747200,1595894100,1594746840,TRUE,FALSE,TRUE,NA,NA,NA,NA,NA,NA,NA,NA,NA,NA,NA,NA,NA,NA,NA,TRUE,2020-07-15 15:03:00,2020-07-15 16:03:00,2020-07-14 22:46:34,2020-08-24 00:07:26,NA,NA,2020-07-14 17:20:00,2020-07-27 23:55:00,2020-07-14 17:14:00
"ZcTag098_DUML","20_02","real mfas","USS Laboon","ZcTag099_DUML;ZcTag100_DUML",20200730,105900,115900,-74.4492,35.9499,-74.4668,35.8158,1596106740,1596110340,1594766794,1598227646,NA,NA,1594747200,1595894100,1594746840,TRUE,FALSE,FALSE,NA,NA,NA,NA,NA,NA,NA,NA,NA,NA,NA,NA,NA,NA,NA,TRUE,2020-07-30 10:59:00,2020-07-30 11:59:00,2020-07-14 22:46:34,2020-08-24 00:07:26,NA,NA,2020-07-14 17:20:00,2020-07-27 23:55:00,2020-07-14 17:14:00
"ZcTag098_DUML","20_03","simulated mfas","Shearwater","Zc20_232a;ZcTag108_DUML",20200819,174323,181322,-74.657,35.4843,-74.6331,35.5202,1597859003,1597860802,1594766794,1598227646,NA,NA,1594747200,1595894100,1594746840,TRUE,FALSE,FALSE,NA,NA,"2020-08-19T17:55:00Z",72.2034053394067,95.6750230937709,113.519716381723,"<100",91.5600165702942,98.1444532831031,112.377631647961,"2020-08-19T17:37:43Z","regular",21.8736142118616,41.8270996664926,61.2276199937843,TRUE,2020-08-19 17:43:23,2020-08-19 18:13:22,2020-07-14 22:46:34,2020-08-24 00:07:26,NA,NA,2020-07-14 17:20:00,2020-07-27 23:55:00,2020-07-14 17:14:00
"ZcTag101_DUML","20_03","simulated mfas","Shearwater","Zc20_232a;ZcTag108_DUML",20200819,174323,181322,-74.657,35.4843,-74.6331,35.5202,1597859003,1597860802,1596843119,1602926128,NA,NA,1596816000,1597967700,1596815280,TRUE,FALSE,TRUE,NA,NA,"2020-08-19T17:55:00Z",79.7252397927928,90.4618832478282,105.671060035548,"<100",102.419518825136,109.093391127026,119.444050508502,"2020-08-19T17:37:43Z","rejection_sampler",27.5561605148964,40.9353693735868,51.3622033547149,TRUE,2020-08-19 17:43:23,2020-08-19 18:13:22,2020-08-07 23:31:59,2020-10-17 09:15:28,NA,NA,2020-08-07 16:00:00,2020-08-20 23:55:00,2020-08-07 15:48:00
"ZcTag102_DUML","20_03","simulated mfas","Shearwater","Zc20_232a;ZcTag108_DUML",20200819,174323,181322,-74.657,35.4843,-74.6331,35.5202,1597859003,1597860802,1596837113,1599317759,NA,NA,1596822600,1597967700,1596821340,TRUE,FALSE,TRUE,NA,NA,"2020-08-19T18:05:00Z",73.2637203697307,82.8032845581949,100.192427365856,"<100",93.3460029316465,99.7058855810337,108.053948546476,"2020-08-19T17:37:43Z","rejection_sampler",57.7573917122938,75.6539767229493,94.4121188853498,TRUE,2020-08-19 17:43:23,2020-08-19 18:13:22,2020-08-07 21:51:53,2020-09-05 14:55:59,NA,NA,2020-08-07 17:50:00,2020-08-20 23:55:00,2020-08-07 17:29:00
"ZcTag103_DUML","20_03","simulated mfas","Shearwater","Zc20_232a;ZcTag108_DUML",20200819,174323,181322,-74.657,35.4843,-74.6331,35.5202,1597859003,1597860802,1596897266,1599749877,NA,NA,1596897000,1598054100,1596896640,TRUE,FALSE,TRUE,NA,NA,"2020-08-19T18:05:00Z",66.4640371277796,78.5230531154825,97.5888248470224,"<100",89.5280989608686,94.5956840631033,105.340251941053,"2020-08-19T17:37:43Z","rejection_sampler",63.4265467053037,86.4138173418578,105.489107604594,TRUE,2020-08-19 17:43:23,2020-08-19 18:13:22,2020-08-08 14:34:26,2020-09-10 14:57:57,NA,NA,2020-08-08 14:30:00,2020-08-21 23:55:00,2020-08-08 14:24:00
"ZcTag105_DUML","20_03","simulated mfas","Shearwater","Zc20_232a;ZcTag108_DUML",20200819,174323,181322,-74.657,35.4843,-74.6331,35.5202,1597859003,1597860802,1596905174,1603677973,NA,NA,1596899700,1598053800,1596899580,TRUE,FALSE,TRUE,NA,NA,"2020-08-19T18:05:00Z",105.573141948452,123.618612403224,138.46797117387,">120",132.113703042075,139.789708707733,154.615175683314,"2020-08-19T17:37:43Z","rejection_sampler",3.2137051151795,9.79625806389166,19.1406219708154,TRUE,2020-08-19 17:43:23,2020-08-19 18:13:22,2020-08-08 16:46:14,2020-10-26 02:06:13,NA,NA,2020-08-08 15:15:00,2020-08-21 23:50:00,2020-08-08 15:13:00
"ZcTag106_DUML","20_03","simulated mfas","Shearwater","Zc20_232a;ZcTag108_DUML",20200819,174323,181322,-74.657,35.4843,-74.6331,35.5202,1597859003,1597860802,1596927602,1603323025,NA,NA,1596900900,1597634400,1596900420,TRUE,FALSE,FALSE,NA,NA,"2020-08-19T18:05:00Z",68.723012217851,71.0324927527121,77.0261368959421,"<100",87.6877016285355,89.037135163849,90.7453730642053,"2020-08-19T17:37:43Z","regular",111.589295092691,119.057317528597,126.317125598485,TRUE,2020-08-19 17:43:23,2020-08-19 18:13:22,2020-08-08 23:00:02,2020-10-21 23:30:25,NA,NA,2020-08-08 15:35:00,2020-08-17 03:20:00,2020-08-08 15:27:00
"ZcTag107_DUML","20_03","simulated mfas","Shearwater","Zc20_232a;ZcTag108_DUML",20200819,174323,181322,-74.657,35.4843,-74.6331,35.5202,1597859003,1597860802,1596989285,1603710687,NA,NA,1596984000,1598140500,1596983880,TRUE,FALSE,TRUE,NA,NA,"2020-08-19T18:05:00Z",72.1571536829008,84.1112706707087,105.041720549262,"<100",93.995438381772,102.530400766935,112.495891211463,"2020-08-19T17:37:43Z","rejection_sampler",25.6540586398443,36.285870179109,45.1664865211235,TRUE,2020-08-19 17:43:23,2020-08-19 18:13:22,2020-08-09 16:08:05,2020-10-26 11:11:27,NA,NA,2020-08-09 14:40:00,2020-08-22 23:55:00,2020-08-09 14:38:00
"ZcTag108_DUML","20_03","simulated mfas","Shearwater","Zc20_232a;ZcTag108_DUML",20200819,174323,181322,-74.657,35.4843,-74.6331,35.5202,1597859003,1597860802,1596988952,1602673718,NA,NA,1596985200,1597662300,1596984840,TRUE,FALSE,FALSE,NA,NA,"2020-08-19T17:55:00Z",103.657559208355,126.250226274536,141.358313252637,">120",122.409557128329,143.045717224516,163.701122923002,"2020-08-19T17:37:43Z","regular",1.96123508235784,7.50556768017082,15.3595636960745,TRUE,2020-08-19 17:43:23,2020-08-19 18:13:22,2020-08-09 16:02:32,2020-10-14 11:08:38,NA,NA,2020-08-09 15:00:00,2020-08-17 11:05:00,2020-08-09 14:54:00
"ZcTag110_DUML","20_03","simulated mfas","Shearwater","Zc20_232a;ZcTag108_DUML",20200819,174323,181322,-74.657,35.4843,-74.6331,35.5202,1597859003,1597860802,1597100836,1604459549,NA,NA,1597073700,1598226900,1597073760,TRUE,FALSE,TRUE,NA,NA,"2020-08-19T17:45:00Z",94.3037775415252,133.695513483342,137.132127593896,">120",142.322124147613,149.32622036206,151.743729854999,"2020-08-19T17:37:43Z","rejection_sampler",2.0509198075635,4.25601882209212,12.0827787748038,TRUE,2020-08-19 17:43:23,2020-08-19 18:13:22,2020-08-10 23:07:16,2020-11-04 03:12:29,NA,NA,2020-08-10 15:35:00,2020-08-23 23:55:00,2020-08-10 15:36:00
"ZcTag111_DUML","20_03","simulated mfas","Shearwater","Zc20_232a;ZcTag108_DUML",20200819,174323,181322,-74.657,35.4843,-74.6331,35.5202,1597859003,1597860802,1597096671,1603031447,NA,NA,1597076700,1598226900,1597076400,TRUE,FALSE,TRUE,NA,NA,"2020-08-19T17:55:00Z",80.0492267759946,89.2845925278724,98.4448550288199,"<100",102.470819229941,107.065341491524,112.191645721126,"2020-08-19T17:37:43Z","rejection_sampler",33.9051659637406,41.4250084757889,49.2082604601071,TRUE,2020-08-19 17:43:23,2020-08-19 18:13:22,2020-08-10 21:57:51,2020-10-18 14:30:47,NA,NA,2020-08-10 16:25:00,2020-08-23 23:55:00,2020-08-10 16:20:00
"ZcTag129_DUML","22_01","control","Shearwater","ZcTag129_DUML",20220804,123000,130000,-74.23988,37.47356,-74.2429,37.4763,1659616200,1659618000,1655860979,1662245424,NA,NA,1655845200,1657381800,1655844960,TRUE,FALSE,FALSE,NA,NA,NA,NA,NA,NA,"control",NA,NA,NA,"2022-08-04T12:30:00Z","regular",0.588506394866506,3.92498968103384,9.9541691749334,TRUE,2022-08-04 12:30:00,2022-08-04 13:00:00,2022-06-22 01:22:59,2022-09-03 22:50:24,NA,NA,2022-06-21 21:00:00,2022-07-09 15:50:00,2022-06-21 20:56:00
"ZcTag129_DUML","22_03","real mfas","USS Farragut","Zc22_219a; ZcTag135_DUML",20220807,170900,181000,-74.471,35.474,-74.303,35.65133,1659892140,1659895800,1655860979,1662245424,NA,NA,1655845200,1657381800,1655844960,TRUE,FALSE,FALSE,NA,NA,NA,NA,NA,NA,NA,NA,NA,NA,NA,NA,NA,NA,NA,TRUE,2022-08-07 17:09:00,2022-08-07 18:10:00,2022-06-22 01:22:59,2022-09-03 22:50:24,NA,NA,2022-06-21 21:00:00,2022-07-09 15:50:00,2022-06-21 20:56:00
"ZcTag130_DUML","22_02","control","Shearwater","ZcTag131_DUML",20220805,165500,172500,-74.44,35.8362,-74.41,35.842,1659718500,1659720300,1656601851,1662976560,NA,NA,1656598500,1658274900,1656598380,TRUE,FALSE,FALSE,NA,NA,NA,NA,NA,NA,"control",NA,NA,NA,"2022-08-05T16:55:00Z","regular",30.8621931267077,40.1107185690218,50.8604706795939,TRUE,2022-08-05 16:55:00,2022-08-05 17:25:00,2022-06-30 15:10:51,2022-09-12 09:56:00,NA,NA,2022-06-30 14:15:00,2022-07-19 23:55:00,2022-06-30 14:13:00
"ZcTag130_DUML","22_03","real mfas","USS Farragut","Zc22_219a; ZcTag135_DUML",20220807,170900,181000,-74.471,35.474,-74.303,35.65133,1659892140,1659895800,1656601851,1662976560,NA,NA,1656598500,1658274900,1656598380,TRUE,FALSE,FALSE,NA,NA,NA,NA,NA,NA,NA,NA,NA,NA,NA,NA,NA,NA,NA,TRUE,2022-08-07 17:09:00,2022-08-07 18:10:00,2022-06-30 15:10:51,2022-09-12 09:56:00,NA,NA,2022-06-30 14:15:00,2022-07-19 23:55:00,2022-06-30 14:13:00
"ZcTag131_DUML","22_02","control","Shearwater","ZcTag131_DUML",20220805,165500,172500,-74.44,35.8362,-74.41,35.842,1659718500,1659720300,1659573768,1660352704,NA,NA,1659539700,1660002900,1659539460,TRUE,FALSE,TRUE,NA,NA,NA,NA,NA,NA,"control",NA,NA,NA,"2022-08-05T16:55:00Z","regular",2.31282257139595,8.81942525473167,15.9052215720922,TRUE,2022-08-05 16:55:00,2022-08-05 17:25:00,2022-08-04 00:42:48,2022-08-13 01:05:04,NA,NA,2022-08-03 15:15:00,2022-08-08 23:55:00,2022-08-03 15:11:00
"ZcTag131_DUML","22_03","real mfas","USS Farragut","Zc22_219a; ZcTag135_DUML",20220807,170900,181000,-74.471,35.474,-74.303,35.65133,1659892140,1659895800,1659573768,1660352704,NA,NA,1659539700,1660002900,1659539460,TRUE,FALSE,TRUE,NA,NA,NA,NA,NA,NA,NA,NA,NA,NA,NA,NA,NA,NA,NA,TRUE,2022-08-07 17:09:00,2022-08-07 18:10:00,2022-08-04 00:42:48,2022-08-13 01:05:04,NA,NA,2022-08-03 15:15:00,2022-08-08 23:55:00,2022-08-03 15:11:00
"ZcTag132_DUML","22_02","control","Shearwater","ZcTag131_DUML",20220805,165500,172500,-74.44,35.8362,-74.41,35.842,1659718500,1659720300,1659573831,1665798096,NA,NA,1659547200,1661730900,1659547020,TRUE,FALSE,TRUE,NA,NA,NA,NA,NA,NA,"control",NA,NA,NA,"2022-08-05T16:55:00Z","regular",22.6108214724725,26.9649295662777,31.9703423595536,TRUE,2022-08-05 16:55:00,2022-08-05 17:25:00,2022-08-04 00:43:51,2022-10-15 01:41:36,NA,NA,2022-08-03 17:20:00,2022-08-28 23:55:00,2022-08-03 17:17:00
"ZcTag132_DUML","22_03","real mfas","USS Farragut","Zc22_219a; ZcTag135_DUML",20220807,170900,181000,-74.471,35.474,-74.303,35.65133,1659892140,1659895800,1659573831,1665798096,NA,NA,1659547200,1661730900,1659547020,TRUE,FALSE,TRUE,NA,NA,NA,NA,NA,NA,NA,NA,NA,NA,NA,NA,NA,NA,NA,TRUE,2022-08-07 17:09:00,2022-08-07 18:10:00,2022-08-04 00:43:51,2022-10-15 01:41:36,NA,NA,2022-08-03 17:20:00,2022-08-28 23:55:00,2022-08-03 17:17:00
"ZcTag133_DUML","22_02","control","Shearwater","ZcTag131_DUML",20220805,165500,172500,-74.44,35.8362,-74.41,35.842,1659718500,1659720300,1659737781,1665479220,NA,NA,1659705900,1660531200,1659705600,TRUE,FALSE,TRUE,NA,NA,NA,NA,NA,NA,"control",NA,NA,NA,"2022-08-05T16:55:00Z","regular",22.3596189917992,30.1498676739142,39.0401175638171,TRUE,2022-08-05 16:55:00,2022-08-05 17:25:00,2022-08-05 22:16:21,2022-10-11 09:07:00,NA,NA,2022-08-05 13:25:00,2022-08-15 02:40:00,2022-08-05 13:20:00
"ZcTag133_DUML","22_03","real mfas","USS Farragut","Zc22_219a; ZcTag135_DUML",20220807,170900,181000,-74.471,35.474,-74.303,35.65133,1659892140,1659895800,1659737781,1665479220,NA,NA,1659705900,1660531200,1659705600,TRUE,FALSE,TRUE,NA,NA,NA,NA,NA,NA,NA,NA,NA,NA,NA,NA,NA,NA,NA,TRUE,2022-08-07 17:09:00,2022-08-07 18:10:00,2022-08-05 22:16:21,2022-10-11 09:07:00,NA,NA,2022-08-05 13:25:00,2022-08-15 02:40:00,2022-08-05 13:20:00
"ZcTag134_DUML","22_02","control","Shearwater","ZcTag131_DUML",20220805,165500,172500,-74.44,35.8362,-74.41,35.842,1659718500,1659720300,1659740141,1663164055,NA,NA,1659707100,1659897900,1659706920,TRUE,FALSE,TRUE,NA,NA,NA,NA,NA,NA,"control",NA,NA,NA,"2022-08-05T16:55:00Z","regular",25.3873453332235,34.6415432046577,41.900309833063,TRUE,2022-08-05 16:55:00,2022-08-05 17:25:00,2022-08-05 22:55:41,2022-09-14 14:00:55,NA,NA,2022-08-05 13:45:00,2022-08-07 18:45:00,2022-08-05 13:42:00
"ZcTag134_DUML","22_03","real mfas","USS Farragut","Zc22_219a; ZcTag135_DUML",20220807,170900,181000,-74.471,35.474,-74.303,35.65133,1659892140,1659895800,1659740141,1663164055,NA,NA,1659707100,1659897900,1659706920,TRUE,FALSE,TRUE,NA,NA,NA,NA,NA,NA,NA,NA,NA,NA,NA,NA,NA,NA,NA,TRUE,2022-08-07 17:09:00,2022-08-07 18:10:00,2022-08-05 22:55:41,2022-09-14 14:00:55,NA,NA,2022-08-05 13:45:00,2022-08-07 18:45:00,2022-08-05 13:42:00
